Used Pin,Used Chip
0.0048743850667442,0.0241438939526989
10632.723672241103,4601.011221689507
26.662269384114488,26.566729181250917
