Used Pin,Used Chip
0.000118281615244,0.0004187579372023
2938.197852727689,11851.10456494614
4.9975176826213925,5.108824265232147
