Used Pin,Used Chip
10.005064647375852,6.3955661973921165
