fraud,0,1
0,0.9865731095899819,0.8728602786556647
1,0.013426890410018086,0.12713972134433527
