Used Pin,Used Chip
65.06286166431394,65.04099612156428
