Used Pin,Used Chip
65.06286166431394,65.04099612156428
10.005064647375852,6.3955661973921165
