fraud,0,1
0,0.9115511885467315,0.9127375399303035
1,0.08844881145326851,0.08726246006969653
