fraud,0,1
0,0.8999493535262415,0.9360443380260789
1,0.10005064647375851,0.06395566197392116
