fraud,0,1
0,0.9031234433928699,0.9972864980916031
1,0.09687655660713015,0.0027135019083969467
